route_name,route_link
Chandigarh to Hamirpur (Himachal Pradesh),https://www.redbus.in/bus-tickets/chandigarh-to-hamirpur-himachal-pradesh
Hamirpur (Himachal Pradesh) to Chandigarh,https://www.redbus.in/bus-tickets/hamirpur-himachal-pradesh-to-chandigarh
Delhi to Chandigarh,https://www.redbus.in/bus-tickets/delhi-to-chandigarh
Delhi to Shimla,https://www.redbus.in/bus-tickets/delhi-to-shimla
Shimla to Delhi,https://www.redbus.in/bus-tickets/shimla-to-delhi
Chamba (Himachal Pradesh) to Chandigarh,https://www.redbus.in/bus-tickets/chamba-himachal-pradesh-to-chandigarh
Delhi to Baddi (Himachal Pradesh),https://www.redbus.in/bus-tickets/delhi-to-baddi-himachal-pradesh
Ghumarwin to Chandigarh,https://www.redbus.in/bus-tickets/ghumarwin-to-chandigarh
Delhi to Chamba (Himachal Pradesh),https://www.redbus.in/bus-tickets/delhi-to-chamba-himachal-pradesh
Kangra to Chandigarh,https://www.redbus.in/bus-tickets/kangra-to-chandigarh
Hamirpur (Himachal Pradesh) to Delhi,https://www.redbus.in/bus-tickets/hamirpur-himachal-pradesh-to-delhi
Sunder Nagar (Himachal Pradesh) to Chandigarh,https://www.redbus.in/bus-tickets/sundernagar-himachal-pradesh-to-chandigarh
Shimla to Chandigarh,https://www.redbus.in/bus-tickets/shimla-to-chandigarh
Chamba (Himachal Pradesh) to Delhi,https://www.redbus.in/bus-tickets/chamba-himachal-pradesh-to-delhi
